-- Tabla Aforo

INSERT INTO Aforo (aforo_permitido,aforo_actual) VALUES (10,5);
INSERT INTO Aforo (aforo_permitido,aforo_actual) VALUES (20,10);
INSERT INTO Aforo (aforo_permitido,aforo_actual) VALUES (30,15);
INSERT INTO Aforo (aforo_permitido,aforo_actual) VALUES (40,20);
INSERT INTO Aforo (aforo_permitido,aforo_actual) VALUES (50,25);
INSERT INTO Aforo (aforo_permitido,aforo_actual) VALUES (60,30);
INSERT INTO Aforo (aforo_permitido,aforo_actual) VALUES (70,35);
INSERT INTO Aforo (aforo_permitido,aforo_actual) VALUES (80,40);
INSERT INTO Aforo (aforo_permitido,aforo_actual) VALUES (90,45);
INSERT INTO Aforo (aforo_permitido,aforo_actual) VALUES (100,50);
INSERT INTO Aforo (aforo_permitido,aforo_actual) VALUES (110,55);
INSERT INTO Aforo (aforo_permitido,aforo_actual) VALUES (120,60);
INSERT INTO Aforo (aforo_permitido,aforo_actual) VALUES (60,40);
INSERT INTO Aforo (aforo_permitido,aforo_actual) VALUES (70,50);
INSERT INTO Aforo (aforo_permitido,aforo_actual) VALUES (50,30);
INSERT INTO Aforo (aforo_permitido,aforo_actual) VALUES (120,15);
INSERT INTO Aforo (aforo_permitido,aforo_actual) VALUES (20,10);
INSERT INTO Aforo (aforo_permitido,aforo_actual) VALUES (100,50);
INSERT INTO Aforo (aforo_permitido,aforo_actual) VALUES (110,100);
INSERT INTO Aforo (aforo_permitido,aforo_actual) VALUES (30,150);



-- Tabla Tienda

insert into Tienda values(1,  'La Ganga', 1, 'Artefactos',1,1);
insert into Tienda values(2,  'Zara', 2, 'Ropa',2,2);
insert into Tienda values(3,  'Artefactos Ecu', 3, 'Artefactos',3,3);
insert into Tienda values(4,  'De Pratti', 4, 'Ropa',1,4);
insert into Tienda values(5,  'Artefacta', 5, 'Artefactos',2,5);
insert into Tienda values(6,  'Super Exito', 6, 'Ropa',3,6);
insert into Tienda values(7,  'Marcimex', 7, 'Artefactos',1,7);
insert into Tienda values(8,  'Pull & Bear', 8, 'Ropa',2,8);
insert into Tienda values(9,  'Comandato', 9, 'Artefactos',3,9);
insert into Tienda values(10,  'Play Zone', 10, 'Entretenimiento',1,10);
insert into Tienda values(11,  'Supercines', 11, 'Entretenimiento',2,11);
insert into Tienda values(12,  'KFC', 12, 'Comida',2,12);
insert into Tienda values(13,  'Cyber Game', 13, 'Entretenimiento',1,13);
insert into Tienda values(14,  'Burger King', 14, 'Comida',2,14);
insert into Tienda values(15,  'Mr Joy', 15, 'Entretenimiento',3,15);
insert into Tienda values(16,  'Pizza hut', 16, 'Comida',2,16);
insert into Tienda values(17,  'Bolos', 17, 'Entretenimiento',2,17);
insert into Tienda values(18,  'Menestras del negro', 18, 'Comida',3,18);
insert into Tienda values(19,  'Ping pong', 19, 'Entretenimiento',1,19);
insert into Tienda values(20,  'Dominos pizza', 20, 'Comida',2,20);




-- Tabla Direccion_domiciliaria

insert into Direccion_domiciliaria(calle_primaria, calle_secundaria,numeracion,canton,provincia) values ('Av. Fco de Orellana', 'Tomas Bustos', 124, 'Guayaquil', 'Guayas');
insert into Direccion_domiciliaria(calle_primaria, calle_secundaria,numeracion,canton,provincia) values ('Av 12', 'Calle 3', 124, 'Guayaquil', 'Guayas');
insert into Direccion_domiciliaria(calle_primaria, calle_secundaria,numeracion,canton,provincia) values ('Av 48', 'Calle 10', 45, 'Guayaquil', 'Guayas');
insert into Direccion_domiciliaria(calle_primaria, calle_secundaria,numeracion,canton,provincia) values ('Av 48', 'Calle 8', 78, 'Guayaquil', 'Guayas');
insert into Direccion_domiciliaria(calle_primaria, calle_secundaria,numeracion,canton,provincia) values ('Av 77', 'Calle 10', 55, 'Guayaquil', 'Guayas');
insert into Direccion_domiciliaria(calle_primaria, calle_secundaria,numeracion,canton,provincia) values ('Av 98', 'Calle 1', 47, 'Guayaquil', 'Guayas');
insert into Direccion_domiciliaria(calle_primaria, calle_secundaria,numeracion,canton,provincia) values ('Av 10', 'Calle 2', 32, 'Duran', 'Guayas');
insert into Direccion_domiciliaria(calle_primaria, calle_secundaria,numeracion,canton,provincia) values ('Av 56', 'Calle 3', 12, 'Duran', 'Guayas');
insert into Direccion_domiciliaria(calle_primaria, calle_secundaria,numeracion,canton,provincia) values ('Av 87', 'Calle 4', 98, 'Duran', 'Guayas');
insert into Direccion_domiciliaria(calle_primaria, calle_secundaria,numeracion,canton,provincia) values ('Av 46', 'Calle 5', 77,'Duran', 'Guayas');
insert into Direccion_domiciliaria(calle_primaria, calle_secundaria,numeracion,canton,provincia) values ('Av 11', 'Calle 6', 88, 'Duran', 'Guayas');
insert into Direccion_domiciliaria(calle_primaria, calle_secundaria,numeracion,canton,provincia) values ('Av 21', 'Calle 7', 99, 'Duran', 'Guayas');
insert into Direccion_domiciliaria(calle_primaria, calle_secundaria,numeracion,canton,provincia) values ('Av 87', 'Calle 8', 44, 'Guayaquil', 'Guayas');
insert into Direccion_domiciliaria(calle_primaria, calle_secundaria,numeracion,canton,provincia) values ('Av 21', 'Calle 9', 55, 'Guayaquil', 'Guayas');
insert into Direccion_domiciliaria(calle_primaria, calle_secundaria,numeracion,canton,provincia) values ('Av 78', 'Calle 10', 66, 'Samborondon', 'Guayas');
insert into Direccion_domiciliaria(calle_primaria, calle_secundaria,numeracion,canton,provincia) values ('Av 71', 'Calle 11', 33, 'Samborondon', 'Guayas');
insert into Direccion_domiciliaria(calle_primaria, calle_secundaria,numeracion,canton,provincia) values ('Av 8', 'Calle 12', 22, 'Samborondon', 'Guayas');
insert into Direccion_domiciliaria(calle_primaria, calle_secundaria,numeracion,canton,provincia) values ('Av 9', 'Calle 13', 11, 'Samborondon', 'Guayas');
insert into Direccion_domiciliaria(calle_primaria, calle_secundaria,numeracion,canton,provincia) values ('Av 9', 'Calle 14', 870, 'Duran', 'Guayas');
insert into Direccion_domiciliaria(calle_primaria, calle_secundaria,numeracion,canton,provincia) values ('Av 8', 'Calle 1', 97, 'Duran', 'Guayas');
insert into Direccion_domiciliaria(calle_primaria, calle_secundaria,numeracion,canton,provincia) values ('Av 9', 'Calle 2', 456, 'Duran', 'Guayas');



-- Tabla Empleado

insert into Empleado(cedula,nombres, apellidos,fecha_nacimiento,correo_electronico,sexo,ID_tienda,ID_direccion,ID_empleado2) values('0987654321', "Alan", "Barco", '2001-06-20', "alanbarco@hotmail.com", 'H',1 ,1,null);
insert into Empleado(cedula,nombres, apellidos,fecha_nacimiento,correo_electronico,sexo,ID_tienda,ID_direccion,ID_empleado2) values('0845321684', "Carlos", "Perez", '1965-01-23', "carlos@gmail.com", 'H',2 ,3,null);
insert into Empleado(cedula,nombres, apellidos,fecha_nacimiento,correo_electronico,sexo,ID_tienda,ID_direccion,ID_empleado2) values('0590169532', "Roberto", "Gonzalez", '1982-01-08', "robgon@gmail.com", 'H',1 ,3,null);
insert into Empleado(cedula,nombres, apellidos,fecha_nacimiento,correo_electronico,sexo,ID_tienda,ID_direccion,ID_empleado2) values('0763880783', "Maria", "Cevallos", '2000-05-16', "marcev@hotmail.com", 'M',2 ,4,null);
insert into Empleado(cedula,nombres, apellidos,fecha_nacimiento,correo_electronico,sexo,ID_tienda,ID_direccion,ID_empleado2) values('0494167753', "Rigoberto", "Mendoza", '1960-05-04', "rigo@hotmail.com", 'H',3 ,7,null);
insert into Empleado(cedula,nombres, apellidos,fecha_nacimiento,correo_electronico,sexo,ID_tienda,ID_direccion,ID_empleado2) values('0959717129', "Luisa", "Carchi", '1996-02-13', "luisa@gmail.com", 'M', 3,8,9);
insert into Empleado(cedula,nombres, apellidos,fecha_nacimiento,correo_electronico,sexo,ID_tienda,ID_direccion,ID_empleado2) values('0891110623', "Bob", "Mawson", '1974-02-19', "bobmw@gmail.com", 'H', 4,5,9);
insert into Empleado(cedula,nombres, apellidos,fecha_nacimiento,correo_electronico,sexo,ID_tienda,ID_direccion,ID_empleado2) values('0835239597', "Ana", "Arreaga", '2000-05-17', "aareaga@gmail.com", 'M', 5,4,9);
insert into Empleado(cedula,nombres, apellidos,fecha_nacimiento,correo_electronico,sexo,ID_tienda,ID_direccion,ID_empleado2) values('0611674242', "Luis", "Bravo", '1996-06-21', "luisbra@hotmail.com", 'H', 6,8,10);
insert into Empleado(cedula,nombres, apellidos,fecha_nacimiento,correo_electronico,sexo,ID_tienda,ID_direccion,ID_empleado2) values('0776133098', "Edward", "Cambo", '1999-06-23', "edw@gmail.com", 'H', 7,9,10);
insert into Empleado(cedula,nombres, apellidos,fecha_nacimiento,correo_electronico,sexo,ID_tienda,ID_direccion,ID_empleado2) values('0114739205', "Laura", "Torres", '1998-02-09', "lauto@gmail.com", 'M', 10,4,10);
insert into Empleado(cedula,nombres, apellidos,fecha_nacimiento,correo_electronico,sexo,ID_tienda,ID_direccion,ID_empleado2) values('0865082799', "Marcelo", "Chamba", '1984-11-25', "marcecha@gmail.com", 'H', 12,1,11);
insert into Empleado(cedula,nombres, apellidos,fecha_nacimiento,correo_electronico,sexo,ID_tienda,ID_direccion,ID_empleado2) values('0486481050', "Luis", "Asanza", '2001-09-08', "luisa@gmail.com", 'H', 1,12,11);
insert into Empleado(cedula,nombres, apellidos,fecha_nacimiento,correo_electronico,sexo,ID_tienda,ID_direccion,ID_empleado2) values('0350822324', "Martin", "Perez", '1992-05-01', "martinp@gmail.com", 'H', 5,12,11);
insert into Empleado(cedula,nombres, apellidos,fecha_nacimiento,correo_electronico,sexo,ID_tienda,ID_direccion,ID_empleado2) values('0523627271', "Walter", "Gonzalez", '1996-10-23', "waltergon@gmail.com", 'H', 2,12,12);
insert into Empleado(cedula,nombres, apellidos,fecha_nacimiento,correo_electronico,sexo,ID_tienda,ID_direccion,ID_empleado2) values('0475092276', "Domenica", "Quintana", '1985-02-18', "domequin@gmail.com", 'M',4 ,1,13);
insert into Empleado(cedula,nombres, apellidos,fecha_nacimiento,correo_electronico,sexo,ID_tienda,ID_direccion,ID_empleado2) values('0533021114', "Luis", "Tobar", '1974-08-02', "luisto@gmail.com", 'H', 8,1,12);
insert into Empleado(cedula,nombres, apellidos,fecha_nacimiento,correo_electronico,sexo,ID_tienda,ID_direccion,ID_empleado2) values('0233131058', "Carlos", "Vera", '1992-06-20', "carlosver@hotmail.com", 'H', 20,1,9);
insert into Empleado(cedula,nombres, apellidos,fecha_nacimiento,correo_electronico,sexo,ID_tienda,ID_direccion,ID_empleado2) values('0751730449', "Rebeca", "Fernandez", '1999-02-23', "rebefer@gmail.com", 'M',18 ,1,10);
insert into Empleado(cedula,nombres, apellidos,fecha_nacimiento,correo_electronico,sexo,ID_tienda,ID_direccion,ID_empleado2) values('0851730432', "Carlos", "Gortaire", '2001-05-26', "cgortaire@hotmail.com", 'H',1 ,20,10);
insert into Empleado(cedula,nombres, apellidos,fecha_nacimiento,correo_electronico,sexo,ID_tienda,ID_direccion,ID_empleado2) values('0951712481', "Roberto", "Mantilla", '1995-10-18', "robman@gmail.com", 'H',2 ,19,9);
insert into Empleado(cedula,nombres, apellidos,fecha_nacimiento,correo_electronico,sexo,ID_tienda,ID_direccion,ID_empleado2) values('0758930420', "Tabata", "Palmer", '1985-06-23', "tabpal@hotmail.com", 'M',1 ,10,11);
insert into Empleado(cedula,nombres, apellidos,fecha_nacimiento,correo_electronico,sexo,ID_tienda,ID_direccion,ID_empleado2) values('0851730456', "Mayerly", "Avellan", '1999-02-16', "mayave@gmail.com", 'M',2 ,10,12);
insert into Empleado(cedula,nombres, apellidos,fecha_nacimiento,correo_electronico,sexo,ID_tienda,ID_direccion,ID_empleado2) values('0951730421', "Paula", "Idrovo", '2001-02-10', "paulaidr@hotmail.com", 'M',1 ,13,9);




-- Tabla Telefono

insert into Telefono(numero, ID_empleado) values('0979477779',9);
insert into Telefono(numero, ID_empleado) values('0996122703',10);
insert into Telefono(numero, ID_empleado) values('0939982885',11);
insert into Telefono(numero, ID_empleado) values('0986931554',12);
insert into Telefono(numero, ID_empleado) values('0996075366',13);
insert into Telefono(numero, ID_empleado) values('0930921438',14);
insert into Telefono(numero, ID_empleado) values('0944276295',15);
insert into Telefono(numero, ID_empleado) values('0997398705',16);
insert into Telefono(numero, ID_empleado) values('0953587552',17);
insert into Telefono(numero, ID_empleado) values('0964775161',18);
insert into Telefono(numero, ID_empleado) values('0944377589',19);
insert into Telefono(numero, ID_empleado) values('0995047306',20);
insert into Telefono(numero, ID_empleado) values('0948118304',21);
insert into Telefono(numero, ID_empleado) values('0968791187',22);
insert into Telefono(numero, ID_empleado) values('0956626525',23);
insert into Telefono(numero, ID_empleado) values('0975143685',24);
insert into Telefono(numero, ID_empleado) values('0928919190',1);
insert into Telefono(numero, ID_empleado) values('0996908527',2);
insert into Telefono(numero, ID_empleado) values('0931672831',3);
insert into Telefono(numero, ID_empleado) values('0994103733',5);
insert into Telefono(numero, ID_empleado) values('0987253128',4);



-- Tabla Usuario

INSERT INTO Usuario VALUES ("0984362751","Charles","Darwin","charlesdarwin@gmail.com","1950-07-04","Soltero","Científico","M",3,16);
INSERT INTO Usuario VALUES ("0924173695","Napoleón","Bonaparte","napoleonbonaparte@gmail.com","1935-03-07","Soltero","Militar","M",1,5);
INSERT INTO Usuario VALUES ("0990673584","Julio","César","juliocesar@gmail.com","1935-03-07","Divorciado","Político","M",9,19);
INSERT INTO Usuario VALUES ("0851347260","Albert","Einstein","alberteinstein@gmail.com","1925-09-25","Viudo","Científico","M",2,20);
INSERT INTO Usuario VALUES ("0939461758","George","Washington","georgewashington@gmail.com","1955-06-12","Casado","Político","M",5,7);
INSERT INTO Usuario VALUES ("0921738605","William","Shakespeare","williamshakespeare@gmail.com","1970-09-22","Divorciado","Químico","M",7,6);
INSERT INTO Usuario VALUES ("0571034689","Cristóbal","Colón","cristobalcolon@gmail.com","1964-01-03","Viudo","Navegante","M",12,5);
INSERT INTO Usuario VALUES ("0215869743","Isaac","Newton","isaacnewton@gmail.com","1998-12-07","Soltero","Matemático","M",15,7);
INSERT INTO Usuario VALUES ("0192437856","Louis","Pasteur","louispasteur@gmail.com","1927-10-09","Casado","Químico","M",5,18);
INSERT INTO Usuario VALUES ("0875269130","Karl","Marx","karlmarx@gmail.com","1988-02-27","Divorciado","Navegante","M",18,6);
INSERT INTO Usuario VALUES ("0568374219","Adolf","Hitler","adolfhitler@gmail.com","1930-08-15","Viudo","Político","M",19,4);
INSERT INTO Usuario VALUES ("0258716394","Bill","Gates","billgates@gmail.com","1955-05-11","Casado","Científico","M",12,11);
INSERT INTO Usuario VALUES ("0941850327","Nikola","Tesla","nikolatesla@gmail.com","1976-02-13","Divorciado","Matemático","M",5,3);
INSERT INTO Usuario VALUES ("0867530149","Marie","Curie","mariecurie@gmail.com","2002-02-23","Soltero","Científico","F",16,16);
INSERT INTO Usuario VALUES ("0361407592","Manuela","Sáenz","manuelasaenz@gmail.com","1988-02-27","Casado","Militar","F",1,7);
INSERT INTO Usuario VALUES ("0278634015","Margaret","Thatcher","margaretthatcher@gmail.com","2005-09-29","Divorciado","Militar","F",3,19);
INSERT INTO Usuario VALUES ("0123780456","Katherine","Johnson","katherinejohnson@gmail.com","2008-12-22","Soltero","Matemático","F",14,12);
INSERT INTO Usuario VALUES ("0983645712","Malala","Yousafzai","malalayousafzai@gmail.com","2012-05-11","Casado","Químico","F",11,17);
INSERT INTO Usuario VALUES ("0412573869","Ada","Lovelace","adalovelace@gmail.com","2017-09-23","Divorciado","Navegante","F",19,1);
INSERT INTO Usuario VALUES ("0643701258","Coco","Chanel","cocochanel@gmail.com","1973-08-14","Viudo","Matemático","F",13,12);



-- Tabla Visita

INSERT INTO Visita (fecha_entrada,fecha_salida,tiempo_duracion,cedula_usuario,ID_tienda) VALUES ("2021-01-04","2021-01-04","2021-01-04 05:52:36","0643701258",9);
INSERT INTO Visita (fecha_entrada,fecha_salida,tiempo_duracion,cedula_usuario,ID_tienda) VALUES ("2021-01-15","2021-01-15","2021-01-15 00:12:17","0984362751",2);
INSERT INTO Visita (fecha_entrada,fecha_salida,tiempo_duracion,cedula_usuario,ID_tienda) VALUES ("2021-01-28","2021-01-28","2021-01-28 10:33:09","0875269130",18);
INSERT INTO Visita (fecha_entrada,fecha_salida,tiempo_duracion,cedula_usuario,ID_tienda) VALUES ("2021-01-28","2021-01-28","2021-01-28 01:32:15","0215869743",11);
INSERT INTO Visita (fecha_entrada,fecha_salida,tiempo_duracion,cedula_usuario,ID_tienda) VALUES ("2021-02-06","2021-02-06","2021-02-06 01:05:00","0867530149",19);
INSERT INTO Visita (fecha_entrada,fecha_salida,tiempo_duracion,cedula_usuario,ID_tienda) VALUES ("2021-02-13","2021-02-13","2021-02-13 09:21:19","0867530149",7);
INSERT INTO Visita (fecha_entrada,fecha_salida,tiempo_duracion,cedula_usuario,ID_tienda) VALUES ("2021-02-13","2021-02-13","2021-02-13 03:21:39","0643701258",4);
INSERT INTO Visita (fecha_entrada,fecha_salida,tiempo_duracion,cedula_usuario,ID_tienda) VALUES ("2021-02-14","2021-02-14","2021-02-14 02:22:37","0939461758",8);
INSERT INTO Visita (fecha_entrada,fecha_salida,tiempo_duracion,cedula_usuario,ID_tienda) VALUES ("2021-03-12","2021-03-12","2021-03-12 03:23:14","0924173695",4);
INSERT INTO Visita (fecha_entrada,fecha_salida,tiempo_duracion,cedula_usuario,ID_tienda) VALUES ("2021-03-12","2021-03-12","2021-03-12 02:04:55","0851347260",20);
INSERT INTO Visita (fecha_entrada,fecha_salida,tiempo_duracion,cedula_usuario,ID_tienda) VALUES ("2021-03-23","2021-03-23","2021-03-23 03:16:30","0571034689",10);
INSERT INTO Visita (fecha_entrada,fecha_salida,tiempo_duracion,cedula_usuario,ID_tienda) VALUES ("2021-03-31","2021-03-31","2021-03-31 00:46:29","0361407592",10);
INSERT INTO Visita (fecha_entrada,fecha_salida,tiempo_duracion,cedula_usuario,ID_tienda) VALUES ("2021-04-01","2021-04-01","2021-04-01 04:03:00","0192437856",12);
INSERT INTO Visita (fecha_entrada,fecha_salida,tiempo_duracion,cedula_usuario,ID_tienda) VALUES ("2021-04-05","2021-04-05","2021-04-05 00:35:50","0924173695",4);
INSERT INTO Visita (fecha_entrada,fecha_salida,tiempo_duracion,cedula_usuario,ID_tienda) VALUES ("2021-04-24","2021-04-24","2021-04-24 04:10:04","0278634015",11);
INSERT INTO Visita (fecha_entrada,fecha_salida,tiempo_duracion,cedula_usuario,ID_tienda) VALUES ("2021-04-28","2021-04-28","2021-04-28 00:33:33","0983645712",6);
INSERT INTO Visita (fecha_entrada,fecha_salida,tiempo_duracion,cedula_usuario,ID_tienda) VALUES ("2021-04-28","2021-04-28","2021-04-28 00:56:33","0643701258",20);
INSERT INTO Visita (fecha_entrada,fecha_salida,tiempo_duracion,cedula_usuario,ID_tienda) VALUES ("2021-05-16","2021-05-16","2021-05-16 02:04:55","0851347260",15);
INSERT INTO Visita (fecha_entrada,fecha_salida,tiempo_duracion,cedula_usuario,ID_tienda) VALUES ("2021-05-17","2021-05-17","2021-05-17 15:20:33","0983645712",3);
INSERT INTO Visita (fecha_entrada,fecha_salida,tiempo_duracion,cedula_usuario,ID_tienda) VALUES ("2021-05-17","2021-05-17","2021-05-17 09:21:19","0921738605",18);
INSERT INTO Visita (fecha_entrada,fecha_salida,tiempo_duracion,cedula_usuario,ID_tienda) VALUES ("2021-05-21","2021-05-21","2021-05-21 01:36:19","0123780456",12);
INSERT INTO Visita (fecha_entrada,fecha_salida,tiempo_duracion,cedula_usuario,ID_tienda) VALUES ("2021-05-29","2021-05-29","2021-05-29 05:53:20","0568374219",13);
INSERT INTO Visita (fecha_entrada,fecha_salida,tiempo_duracion,cedula_usuario,ID_tienda) VALUES ("2021-06-12","2021-06-12","2021-06-12 06:00:50","0258716394",16);
INSERT INTO Visita (fecha_entrada,fecha_salida,tiempo_duracion,cedula_usuario,ID_tienda) VALUES ("2021-06-20","2021-06-20","2021-06-20 12:06:01","0412573869",14);
INSERT INTO Visita (fecha_entrada,fecha_salida,tiempo_duracion,cedula_usuario,ID_tienda) VALUES ("2021-06-30","2021-06-30","2021-06-30 06:11:35","0215869743",6);
INSERT INTO Visita (fecha_entrada,fecha_salida,tiempo_duracion,cedula_usuario,ID_tienda) VALUES ("2021-06-30","2021-06-30","2021-06-30 00:08:12","0921738605",17);
INSERT INTO Visita (fecha_entrada,fecha_salida,tiempo_duracion,cedula_usuario,ID_tienda) VALUES ("2021-07-02","2021-07-02","2021-07-02 07:50:00","0941850327",19);
INSERT INTO Visita (fecha_entrada,fecha_salida,tiempo_duracion,cedula_usuario,ID_tienda) VALUES ("2021-07-18","2021-07-18","2021-07-18 06:11:35","0278634015",14);
INSERT INTO Visita (fecha_entrada,fecha_salida,tiempo_duracion,cedula_usuario,ID_tienda) VALUES ("2021-07-22","2021-07-22","2021-07-22 01:45:05","0921738605",1);
INSERT INTO Visita (fecha_entrada,fecha_salida,tiempo_duracion,cedula_usuario,ID_tienda) VALUES ("2021-07-25","2021-07-25","2021-07-25 00:48:07","0990673584",5);



-- Tabla Consultor_externo

INSERT INTO Consultor_externo (tiempo_de_conexion,nombre_empresa,numero_de_reportes_solicitados,cedula_usuario) VALUES ("2021-01-12 01:20:04","Apple",4,"0924173695");
INSERT INTO Consultor_externo (tiempo_de_conexion,nombre_empresa,numero_de_reportes_solicitados,cedula_usuario) VALUES ("2021-01-13 08:12:41","FedEX",7,"0875269130");
INSERT INTO Consultor_externo (tiempo_de_conexion,nombre_empresa,numero_de_reportes_solicitados,cedula_usuario) VALUES ("2021-01-22 01:50:44","Apple",6,"0924173695");
INSERT INTO Consultor_externo (tiempo_de_conexion,nombre_empresa,numero_de_reportes_solicitados,cedula_usuario) VALUES ("2021-02-02 00:25:32","Microsoft",15,"0215869743");
INSERT INTO Consultor_externo (tiempo_de_conexion,nombre_empresa,numero_de_reportes_solicitados,cedula_usuario) VALUES ("2021-02-22 00:26:34","Amazon",10,"0851347260");
INSERT INTO Consultor_externo (tiempo_de_conexion,nombre_empresa,numero_de_reportes_solicitados,cedula_usuario) VALUES ("2021-02-25 03:10:24","Apple",2,"0924173695");
INSERT INTO Consultor_externo (tiempo_de_conexion,nombre_empresa,numero_de_reportes_solicitados,cedula_usuario) VALUES ("2021-03-07 00:43:16","Facebook",8,"0921738605");
INSERT INTO Consultor_externo (tiempo_de_conexion,nombre_empresa,numero_de_reportes_solicitados,cedula_usuario) VALUES ("2021-03-12 00:45:02","Microsoft",7,"0215869743");
INSERT INTO Consultor_externo (tiempo_de_conexion,nombre_empresa,numero_de_reportes_solicitados,cedula_usuario) VALUES ("2021-03-28 05:17:37","Unilever",2,"0258716394");
INSERT INTO Consultor_externo (tiempo_de_conexion,nombre_empresa,numero_de_reportes_solicitados,cedula_usuario) VALUES ("2021-04-02 00:23:11","Unilever",5,"0258716394");
INSERT INTO Consultor_externo (tiempo_de_conexion,nombre_empresa,numero_de_reportes_solicitados,cedula_usuario) VALUES ("2021-04-10 00:55:34","Amazon",3,"0851347260");
INSERT INTO Consultor_externo (tiempo_de_conexion,nombre_empresa,numero_de_reportes_solicitados,cedula_usuario) VALUES ("2021-04-17 02:22:26","Microsoft",3,"0215869743");
INSERT INTO Consultor_externo (tiempo_de_conexion,nombre_empresa,numero_de_reportes_solicitados,cedula_usuario) VALUES ("2021-05-03 04:32:11","FedEX",5,"0875269130");
INSERT INTO Consultor_externo (tiempo_de_conexion,nombre_empresa,numero_de_reportes_solicitados,cedula_usuario) VALUES ("2021-05-17 00:23:26","Facebook",3,"0921738605");
INSERT INTO Consultor_externo (tiempo_de_conexion,nombre_empresa,numero_de_reportes_solicitados,cedula_usuario) VALUES ("2021-05-18 00:04:01","Facebook",1,"0921738605");
INSERT INTO Consultor_externo (tiempo_de_conexion,nombre_empresa,numero_de_reportes_solicitados,cedula_usuario) VALUES ("2021-06-23 01:37:31","Unilever",8,"0258716394");
INSERT INTO Consultor_externo (tiempo_de_conexion,nombre_empresa,numero_de_reportes_solicitados,cedula_usuario) VALUES ("2021-06-27 00:13:56","Facebook",2,"0921738605");
INSERT INTO Consultor_externo (tiempo_de_conexion,nombre_empresa,numero_de_reportes_solicitados,cedula_usuario) VALUES ("2021-07-10 02:15:24","Amazon",6,"0851347260");
INSERT INTO Consultor_externo (tiempo_de_conexion,nombre_empresa,numero_de_reportes_solicitados,cedula_usuario) VALUES ("2021-07-16 01:02:16","Microsoft",9,"0215869743");
INSERT INTO Consultor_externo (tiempo_de_conexion,nombre_empresa,numero_de_reportes_solicitados,cedula_usuario) VALUES ("2021-07-23 02:16:31","FedEX",5,"0875269130");




-- Tabla Administrador

INSERT INTO Administrador (sueldo,horas_trabajadas,numero_de_reportes_generados,cedula_usuario) VALUES (3000.00,"2021-01-14 20:00:00",12,"0361407592");
INSERT INTO Administrador (sueldo,horas_trabajadas,numero_de_reportes_generados,cedula_usuario) VALUES (1250.00,"2021-01-20 18:00:00",10,"0984362751");
INSERT INTO Administrador (sueldo,horas_trabajadas,numero_de_reportes_generados,cedula_usuario) VALUES (1250.00,"2021-01-20 15:00:00",16,"0984362751");
INSERT INTO Administrador (sueldo,horas_trabajadas,numero_de_reportes_generados,cedula_usuario) VALUES (3500.00,"2021-01-21 10:00:00",15,"0990673584");
INSERT INTO Administrador (sueldo,horas_trabajadas,numero_de_reportes_generados,cedula_usuario) VALUES (3000.00,"2021-01-25 12:00:00",19,"0361407592");
INSERT INTO Administrador (sueldo,horas_trabajadas,numero_de_reportes_generados,cedula_usuario) VALUES (2050.00,"2021-02-12 08:00:00",15,"0643701258");
INSERT INTO Administrador (sueldo,horas_trabajadas,numero_de_reportes_generados,cedula_usuario) VALUES (2050.00,"2021-02-12 23:00:00",20,"0643701258");
INSERT INTO Administrador (sueldo,horas_trabajadas,numero_de_reportes_generados,cedula_usuario) VALUES (1250.00,"2021-02-26 23:00:00",11,"0984362751");
INSERT INTO Administrador (sueldo,horas_trabajadas,numero_de_reportes_generados,cedula_usuario) VALUES (4000.00,"2021-02-27 14:00:00",23,"0192437856");
INSERT INTO Administrador (sueldo,horas_trabajadas,numero_de_reportes_generados,cedula_usuario) VALUES (3000.00,"2021-03-05 16:00:00",18,"0361407592");
INSERT INTO Administrador (sueldo,horas_trabajadas,numero_de_reportes_generados,cedula_usuario) VALUES (2100.00,"2021-03-08 21:00:00",24,"0571034689");
INSERT INTO Administrador (sueldo,horas_trabajadas,numero_de_reportes_generados,cedula_usuario) VALUES (3500.00,"2021-04-04 22:00:00",17,"0990673584");
INSERT INTO Administrador (sueldo,horas_trabajadas,numero_de_reportes_generados,cedula_usuario) VALUES (4000.00,"2021-04-17 23:00:00",22,"0192437856");
INSERT INTO Administrador (sueldo,horas_trabajadas,numero_de_reportes_generados,cedula_usuario) VALUES (2100.00,"2021-05-14 05:00:00",11,"0571034689");
INSERT INTO Administrador (sueldo,horas_trabajadas,numero_de_reportes_generados,cedula_usuario) VALUES (2100.00,"2021-05-28 15:00:00",25,"0571034689");
INSERT INTO Administrador (sueldo,horas_trabajadas,numero_de_reportes_generados,cedula_usuario) VALUES (2100.00,"2021-06-03 17:00:00",10,"0571034689");
INSERT INTO Administrador (sueldo,horas_trabajadas,numero_de_reportes_generados,cedula_usuario) VALUES (3500.00,"2021-06-08 19:00:00",13,"0990673584");
INSERT INTO Administrador (sueldo,horas_trabajadas,numero_de_reportes_generados,cedula_usuario) VALUES (4000.00,"2021-07-01 06:00:00",23,"0192437856");
INSERT INTO Administrador (sueldo,horas_trabajadas,numero_de_reportes_generados,cedula_usuario) VALUES (3000.00,"2021-07-18 09:00:00",18,"0361407592");
INSERT INTO Administrador (sueldo,horas_trabajadas,numero_de_reportes_generados,cedula_usuario) VALUES (2050.00,"2021-07-22 23:00:00",12,"0643701258");



-- Tabla Cliente

INSERT INTO Cliente (tiempo_de_conexion,numero_de_reportes_solicitados,cedula_usuario)VALUES ("2021-01-03 00:30:50",3,"0939461758");
INSERT INTO Cliente (tiempo_de_conexion,numero_de_reportes_solicitados,cedula_usuario)VALUES ("2021-01-29 01:46:20",7,"0983645712");
INSERT INTO Cliente (tiempo_de_conexion,numero_de_reportes_solicitados,cedula_usuario)VALUES ("2021-01-30 03:20:10",8,"0568374219");
INSERT INTO Cliente (tiempo_de_conexion,numero_de_reportes_solicitados,cedula_usuario)VALUES ("2021-02-01 03:16:17",8,"0278634015");
INSERT INTO Cliente (tiempo_de_conexion,numero_de_reportes_solicitados,cedula_usuario)VALUES ("2021-02-13 00:40:00",5,"0568374219");
INSERT INTO Cliente (tiempo_de_conexion,numero_de_reportes_solicitados,cedula_usuario)VALUES ("2021-02-13 00:09:00",4,"0123780456");
INSERT INTO Cliente (tiempo_de_conexion,numero_de_reportes_solicitados,cedula_usuario)VALUES ("2021-02-27 01:25:10",6,"0412573869");
INSERT INTO Cliente (tiempo_de_conexion,numero_de_reportes_solicitados,cedula_usuario)VALUES ("2021-02-28 00:36:09",10,"0939461758");
INSERT INTO Cliente (tiempo_de_conexion,numero_de_reportes_solicitados,cedula_usuario)VALUES ("2021-03-24 01:35:40",7,"0941850327");
INSERT INTO Cliente (tiempo_de_conexion,numero_de_reportes_solicitados,cedula_usuario)VALUES ("2021-04-07 02:45:20",9,"0867530149");
INSERT INTO Cliente (tiempo_de_conexion,numero_de_reportes_solicitados,cedula_usuario)VALUES ("2021-04-09 00:05:40",3,"0412573869");
INSERT INTO Cliente (tiempo_de_conexion,numero_de_reportes_solicitados,cedula_usuario)VALUES ("2021-04-18 00:33:29",1,"0939461758");
INSERT INTO Cliente (tiempo_de_conexion,numero_de_reportes_solicitados,cedula_usuario)VALUES ("2021-05-17 00:55:00",2,"0867530149");
INSERT INTO Cliente (tiempo_de_conexion,numero_de_reportes_solicitados,cedula_usuario)VALUES ("2021-05-26 04:06:07",11,"0278634015");
INSERT INTO Cliente (tiempo_de_conexion,numero_de_reportes_solicitados,cedula_usuario)VALUES ("2021-06-09 00:26:00",2,"0123780456");
INSERT INTO Cliente (tiempo_de_conexion,numero_de_reportes_solicitados,cedula_usuario)VALUES ("2021-06-22 01:00:20",6,"0941850327");
INSERT INTO Cliente (tiempo_de_conexion,numero_de_reportes_solicitados,cedula_usuario)VALUES ("2021-07-11 00:57:40",5,"0123780456");
INSERT INTO Cliente (tiempo_de_conexion,numero_de_reportes_solicitados,cedula_usuario)VALUES ("2021-07-12 01:15:20",10,"0941850327");
INSERT INTO Cliente (tiempo_de_conexion,numero_de_reportes_solicitados,cedula_usuario)VALUES ("2021-07-19 00:56:20",4,"0983645712");
INSERT INTO Cliente (tiempo_de_conexion,numero_de_reportes_solicitados,cedula_usuario)VALUES ("2021-07-30 01:20:10",9,"0568374219");



-- Tabla Empleado_cargo

insert into Empleado_cargo(cargo,ID_empleado) values("Manager",9);
insert into Empleado_cargo(cargo,ID_empleado) values('Manager',10);
insert into Empleado_cargo(cargo,ID_empleado) values('Manager',11);
insert into Empleado_cargo(cargo,ID_empleado) values('Manager',12);
insert into Empleado_cargo(cargo,ID_empleado) values('Cajero',13);
insert into Empleado_cargo(cargo,ID_empleado) values('Cajero',15);
insert into Empleado_cargo(cargo,ID_empleado) values('Cajero',16);
insert into Empleado_cargo(cargo,ID_empleado) values('Cajero',17);
insert into Empleado_cargo(cargo,ID_empleado) values('Cajero',18);
insert into Empleado_cargo(cargo,ID_empleado) values('RRHH',19);
insert into Empleado_cargo(cargo,ID_empleado) values('RRHH',20);
insert into Empleado_cargo(cargo,ID_empleado) values('RRHH',21);
insert into Empleado_cargo(cargo,ID_empleado) values('RRHH',22);
insert into Empleado_cargo(cargo,ID_empleado) values('RRHH',23);
insert into Empleado_cargo(cargo,ID_empleado) values('Atencion al cliente',24);
insert into Empleado_cargo(cargo,ID_empleado) values('Atencion al cliente',20);
insert into Empleado_cargo(cargo,ID_empleado) values('Cajero',21);
insert into Empleado_cargo(cargo,ID_empleado) values('Cajero',3);
insert into Empleado_cargo(cargo,ID_empleado) values('Cajero',7);
insert into Empleado_cargo(cargo,ID_empleado) values('Cajero',8);
insert into Empleado_cargo(cargo,ID_empleado) values('Cajero',6);




-- Tabla Sueldo_cargo

insert into Sueldo_cargo(sueldo,ID_empleado) values('1500',9);
insert into Sueldo_cargo(sueldo,ID_empleado) values('1500',10);
insert into Sueldo_cargo(sueldo,ID_empleado) values('1500',11);
insert into Sueldo_cargo(sueldo,ID_empleado) values('1500',12);
insert into Sueldo_cargo(sueldo,ID_empleado) values('500',13);
insert into Sueldo_cargo(sueldo,ID_empleado) values('500',15);
insert into Sueldo_cargo(sueldo,ID_empleado) values('500',16);
insert into Sueldo_cargo(sueldo,ID_empleado) values('500',17);
insert into Sueldo_cargo(sueldo,ID_empleado) values('500',18);
insert into Sueldo_cargo(sueldo,ID_empleado) values('900',19);
insert into Sueldo_cargo(sueldo,ID_empleado) values('900',20);
insert into Sueldo_cargo(sueldo,ID_empleado) values('900',21);
insert into Sueldo_cargo(sueldo,ID_empleado) values('900',22);
insert into Sueldo_cargo(sueldo,ID_empleado) values('900',23);
insert into Sueldo_cargo(sueldo,ID_empleado) values('600',24);
insert into Sueldo_cargo(sueldo,ID_empleado) values('600',2);
insert into Sueldo_cargo(sueldo,ID_empleado) values('500',3);
insert into Sueldo_cargo(sueldo,ID_empleado) values('500',4);
insert into Sueldo_cargo(sueldo,ID_empleado) values('500',5);
insert into Sueldo_cargo(sueldo,ID_empleado) values('500',6);
insert into Sueldo_cargo(sueldo,ID_empleado) values('500',7);